{
  "trans_approach": {
    "neg_limit": -12.999996662139868,
    "pos_limit": 6.686668157577502,
    "range": 19.68666481971737
  },
  "trans_radial": {
    "neg_limit": -17.076603889465325,
    "pos_limit": 27.117369651794387,
    "range": 44.19397354125971
  },
  "trans_tangential": {
    "neg_limit": -29.6809320449829,
    "pos_limit": 27.990145683288546,
    "range": 57.67107772827144
  },
  "rot_approach": {
    "neg_limit": -9.999999999999991,
    "pos_limit": 9.999999999999991,
    "range": 19.999999999999982
  },
  "rot_radial": {
    "neg_limit": -9.999999999999991,
    "pos_limit": 9.999999999999991,
    "range": 19.999999999999982
  },
  "rot_tangential": {
    "neg_limit": -9.999999999999991,
    "pos_limit": 8.966567057714832,
    "range": 18.966567057714823
  }
}