{
  "Ext_0": {
    "drx": -0.0,
    "drz": -1.8414889662538618,
    "dx": 0.9999995231628418,
    "dy": 1.1491656303405762
  },
  "Ext_1": {
    "drx": -0.0,
    "drz": 1.8838246199902475,
    "dx": -0.9999998211860657,
    "dy": 1.1636013984680176
  },
  "Ext_2": {
    "drx": -1.1815591552734033,
    "drz": -0.7013732249051119,
    "dx": -0.021186908707022667,
    "dy": 1.0864856243133545
  },
  "Ext_3": {
    "drx": -1.184584981908933,
    "drz": 0.702817096881881,
    "dx": -0.030525829643011093,
    "dy": 1.0897290706634521
  },
  "G1_Approach": {
    "drx": 0.00022724271389880778,
    "drz": 0.0004981796496381053,
    "dx": 0.6654000878334045,
    "dy": 0.6680296659469604
  },
  "G1_Radial": {
    "drx": 0.00022752486739066404,
    "drz": 2.8275288731530583,
    "dx": -0.6682543158531189,
    "dy": 0.6650926470756531
  },
  "G1_Rot_Approach": {
    "drx": 0.7071067792381865,
    "drz": 0.0006460399476359184,
    "dx": -1.1546473954911207e-13,
    "dy": 1.0005513084720974e-09
  },
  "G1_Rot_Radial": {
    "drx": -0.7071067788764578,
    "drz": 0.0006460528862147282,
    "dx": 3.26535548600404e-10,
    "dy": -1.1229357443909294e-09
  },
  "G1_Rot_Tangential": {
    "drx": 6.24614901006851e-10,
    "drz": 0.9968526053157474,
    "dx": -1.7895293025205206e-09,
    "dy": 7.175728011787896e-09
  },
  "G1_Tangential": {
    "drx": 2.0056895309273393,
    "drz": -0.0017958848376717345,
    "dx": 3.8557751395273954e-05,
    "dy": 0.0008950281771831214
  }
}